Rk,Team,Conf,W-L,NetRtg,ORtg,ORtg,DRtg,DRtg,AdjT,AdjT,Luck,Luck,NetRtg,NetRtg,ORtg,ORtg,DRtg,DRtg,NetRtg,NetRtg
1,Connecticut 1,BE,37-3,+36.43,127.5,1,91.1,4,64.6,330,+.037,95,+12.42,12,113.2,11,100.8,24,-3.40,283
2,Houston 1,B12,32-5,+31.17,118.9,19,87.7,2,63.5,349,+.042,86,+11.57,23,111.9,37,100.3,13,-1.02,226
3,Purdue 1,B10,34-5,+30.62,125.2,4,94.6,12,67.0,218,+.048,70,+14.65,2,114.4,3,99.8,4,+10.58,9
4,Auburn 4,SEC,27-8,+27.99,120.4,10,92.4,6,70.0,59,-.080,338,+9.49,60,111.9,38,102.4,72,+1.47,147
5,Tennessee 2,SEC,27-9,+26.61,116.8,28,90.2,3,69.3,80,-.026,257,+13.35,8,114.6,2,101.2,40,+8.97,19
6,Arizona 2,P12,27-9,+26.55,120.2,11,93.7,10,72.2,16,-.047,295,+11.12,33,112.2,33,101.1,34,+10.47,12
7,Duke 4,ACC,27-9,+26.47,121.6,8,95.2,16,66.4,253,-.064,322,+10.07,46,111.1,59,101.1,32,-0.04,199
8,Iowa St. 2,B12,29-8,+26.47,113.9,52,87.5,1,67.2,201,+.002,179,+10.43,40,111.3,56,100.8,26,-7.05,345
9,North Carolina 1,ACC,29-8,+26.19,119.7,15,93.5,8,70.6,41,-.038,281,+12.17,13,112.6,22,100.5,16,+6.99,35
10,Illinois 3,B10,29-9,+24.53,125.5,3,101.0,80,69.8,66,-.004,194,+11.92,17,111.8,40,99.9,7,-2.33,260
11,Creighton 3,BE,25-10,+24.22,120.9,9,96.7,24,66.8,229,-.018,235,+11.96,16,112.3,31,100.4,15,+4.99,67
12,Gonzaga 5,WCC,27-8,+23.17,122.6,5,99.4,51,68.9,102,-.051,300,+5.21,96,109.3,95,104.1,100,+7.70,26
13,Marquette 2,BE,27-10,+23.02,118.2,21,95.2,17,69.1,92,+.035,101,+13.60,6,113.4,7,99.8,5,+8.21,23
14,Alabama 4,SEC,25-12,+22.96,126.0,2,103.0,111,72.6,14,-.001,187,+14.71,1,115.1,1,100.4,14,+9.46,16
15,Baylor 3,B12,24-11,+21.90,122.4,6,100.5,72,65.8,282,-.016,227,+13.44,7,112.4,28,99.0,1,+3.36,93
16,Michigan St. 9,B10,20-15,+20.58,114.3,49,93.7,9,65.3,309,-.100,354,+13.03,11,114.2,5,101.1,35,+4.62,74
17,Wisconsin 5,B10,22-14,+20.06,119.2,17,99.2,46,65.5,304,-.036,273,+14.04,3,113.2,9,99.2,2,+6.22,44
18,BYU 6,B12,23-11,+19.96,119.8,14,99.9,60,69.2,84,-.048,296,+9.21,68,110.1,84,100.9,30,-5.67,329
19,Clemson 6,ACC,24-12,+19.44,117.7,23,98.3,35,66.4,256,-.018,238,+12.09,14,113.5,6,101.4,47,+4.91,69
20,Saint Mary's 5,WCC,26-8,+19.43,114.5,46,95.0,15,62.5,357,+.008,167,+3.54,103,108.5,103,104.9,125,+5.20,61
21,St. John's,BE,20-13,+19.41,119.0,18,99.6,57,69.3,78,-.068,325,+11.19,30,112.5,26,101.3,44,+1.64,139
22,San Diego St. 5,MWC,26-11,+19.36,113.4,62,94.0,11,66.2,267,+.008,166,+11.16,31,112.8,16,101.7,61,+10.56,11
23,Kentucky 3,SEC,23-10,+19.29,122.2,7,102.9,109,72.7,12,-.040,286,+8.94,76,111.4,48,102.5,79,-0.17,203
24,Colorado 10,P12,26-11,+19.03,118.4,20,99.3,49,67.6,169,+.014,150,+9.34,63,110.9,65,101.6,57,-1.47,241
25,Texas 7,B12,21-13,+18.77,116.5,31,97.7,30,67.4,186,-.042,288,+10.91,35,111.4,51,100.5,18,-3.13,275
26,Florida 7,SEC,24-12,+18.19,120.0,12,101.8,94,72.0,17,-.021,246,+11.00,34,112.5,25,101.5,52,+2.02,128
27,Kansas 4,B12,23-11,+17.94,113.5,59,95.6,20,69.2,88,+.058,52,+13.61,5,113.0,13,99.3,3,+5.20,62
28,Wake Forest,ACC,21-14,+17.89,117.7,25,99.8,59,68.5,128,-.100,355,+9.00,74,110.0,86,101.0,31,-1.85,250
29,New Mexico 11,MWC,26-10,+17.80,114.4,47,96.6,23,72.8,9,-.013,220,+7.04,85,110.2,83,103.2,88,-0.50,210
30,Nebraska 8,B10,23-11,+17.55,116.2,32,98.7,43,69.0,95,+.010,161,+9.39,62,110.9,64,101.6,56,-5.41,322
31,Texas Tech 6,B12,23-11,+17.32,117.4,27,100.1,65,66.8,232,+.034,102,+10.24,44,111.1,58,100.9,28,-2.63,266
32,Dayton 7,A10,25-8,+17.30,117.7,24,100.4,67,64.5,334,+.007,170,+6.88,86,109.3,94,102.4,74,+6.97,36
33,Pittsburgh,ACC,22-11,+17.18,116.5,30,99.3,48,65.6,295,+.005,171,+8.43,79,110.9,67,102.4,76,-6.46,340
34,Mississippi St. 8,SEC,21-14,+17.07,113.0,73,95.9,22,67.1,210,-.037,278,+11.36,26,112.7,20,101.3,43,+0.68,168
35,Texas A&M 9,SEC,21-15,+17.02,117.5,26,100.5,68,66.6,246,-.033,268,+12.06,15,112.9,14,100.9,27,+5.10,64
36,Colorado St. 10,MWC,25-11,+17.02,114.0,51,97.0,27,66.1,269,-.026,259,+9.30,65,111.9,36,102.6,83,+5.84,51
37,Villanova,BE,18-16,+16.78,111.4,87,94.6,13,63.6,347,-.093,351,+11.59,22,112.7,18,101.1,33,+5.89,50
38,Indiana St.,MVC,32-7,+16.69,119.9,13,103.2,114,70.9,35,+.032,110,+3.07,109,107.7,117,104.7,119,-4.40,305
39,Cincinnati,B12,22-15,+16.47,112.0,79,95.5,19,67.5,181,-.073,333,+9.25,67,110.8,69,101.5,53,-4.17,297
40,Nevada 10,MWC,26-8,+16.41,115.0,41,98.6,42,66.8,235,+.043,84,+5.79,90,109.7,89,103.9,95,-1.43,239
Rk,Team,Conf,W-L,NetRtg,ORtg,ORtg,DRtg,DRtg,AdjT,AdjT,Luck,Luck,NetRtg,NetRtg,ORtg,ORtg,DRtg,DRtg,NetRtg,NetRtg
41,Northwestern 9,B10,22-12,+16.41,115.9,35,99.5,54,64.2,338,+.015,148,+10.71,37,112.4,29,101.7,62,-7.35,352
42,Washington St. 7,P12,25-10,+16.33,113.2,66,96.9,26,64.8,322,+.024,121,+7.91,84,110.3,81,102.4,75,-5.27,317
43,TCU 9,B12,21-13,+16.04,114.7,43,98.7,44,69.8,64,-.049,298,+9.71,55,110.6,74,100.9,29,-8.39,357
44,Boise St. 10,MWC,22-11,+15.97,113.4,63,97.4,29,66.6,243,-.002,191,+9.55,58,111.1,61,101.5,54,+8.08,24
45,N.C. State 11,ACC,26-15,+15.90,114.3,48,98.4,38,68.0,150,+.014,151,+11.33,27,112.2,35,100.8,25,-4.99,313
46,Oklahoma,B12,20-12,+15.77,114.1,50,98.4,36,67.1,207,-.024,253,+9.96,47,110.4,78,100.5,17,-5.38,320
47,Florida Atlantic 8,Amer,25-9,+15.74,117.8,22,102.1,96,68.3,133,-.015,226,+5.56,93,109.6,91,104.1,99,+6.63,40
48,Utah,P12,22-15,+15.41,114.6,45,99.2,47,70.0,57,-.024,254,+10.29,42,111.7,42,101.4,48,+5.52,55
49,Ohio St.,B10,22-14,+15.19,115.2,39,100.0,63,66.5,251,-.024,255,+9.68,56,111.6,46,101.9,67,-1.94,254
50,Seton Hall,BE,25-12,+15.03,113.1,70,98.1,33,66.8,231,+.087,20,+10.10,45,111.8,39,101.7,63,-1.47,242
51,Utah St. 8,MWC,28-7,+14.89,116.0,34,101.1,82,68.9,99,+.128,8,+6.83,87,109.8,88,103.0,86,+1.78,135
52,Grand Canyon 12,WAC,30-5,+14.84,112.9,74,98.1,32,68.5,126,+.023,125,+0.17,157,105.2,217,105.1,130,-1.67,247
53,Drake 10,MVC,28-7,+14.53,115.1,40,100.5,73,68.0,148,+.051,62,+2.95,113,108.0,109,105.0,128,-1.34,236
54,South Carolina 6,SEC,26-8,+14.40,114.9,42,100.5,71,63.2,351,+.144,4,+7.94,83,110.5,76,102.6,82,-5.83,332
55,Oregon 11,P12,24-12,+14.19,114.7,44,100.5,70,67.3,195,+.045,76,+9.88,51,111.3,53,101.5,50,-0.11,201
56,Xavier,BE,16-18,+14.17,113.2,69,99.0,45,71.2,31,-.060,318,+13.22,9,113.3,8,100.1,8,+4.87,70
57,Iowa,B10,19-15,+14.15,119.6,16,105.4,157,71.8,19,-.021,247,+11.88,18,112.6,21,100.8,22,-1.15,231
58,Virginia Tech,ACC,19-15,+14.08,115.8,37,101.7,92,68.0,151,-.041,287,+9.90,50,110.7,73,100.8,23,+2.51,117
59,Providence,BE,21-14,+13.70,109.1,125,95.4,18,67.6,171,+.010,160,+10.26,43,112.3,32,102.1,70,-2.06,255
60,Washington,P12,17-15,+12.95,115.3,38,102.3,100,71.2,30,-.081,340,+9.48,61,111.0,62,101.5,55,+5.96,48
61,Butler,BE,18-15,+12.60,113.2,67,100.6,76,68.6,120,-.027,261,+11.83,20,112.5,24,100.7,20,+2.05,127
62,Maryland,B10,16-17,+12.51,107.3,155,94.7,14,65.5,302,-.093,349,+9.81,53,111.3,55,101.5,49,-4.94,312
63,James Madison 12,SB,32-4,+12.42,113.0,72,100.6,74,69.7,70,+.093,18,-3.41,261,104.1,276,107.5,246,-6.82,343
64,Bradley,MVC,23-12,+12.18,112.1,76,100.0,62,66.4,254,-.036,274,+4.07,102,107.7,116,103.7,92,+2.72,112
65,San Francisco,WCC,23-11,+12.05,110.5,100,98.4,37,67.4,193,-.055,308,+0.17,156,106.7,150,106.6,189,-2.51,263
66,UCF,B12,17-16,+11.83,107.5,148,95.6,21,68.7,112,-.072,331,+9.02,73,110.8,68,101.8,65,-5.96,334
67,McNeese St. 12,Slnd,30-4,+11.80,113.4,64,101.5,89,65.9,277,+.032,109,-6.38,329,102.6,314,109.0,331,+4.47,76
68,Virginia 10,ACC,23-11,+11.80,105.1,200,93.3,7,60.1,362,+.108,12,+9.07,71,111.6,47,102.5,78,-1.09,229
69,Princeton,Ivy,24-5,+11.58,116.7,29,105.1,150,65.5,301,+.027,117,+0.54,149,106.4,166,105.8,159,+3.14,97
70,Kansas St.,B12,19-15,+11.52,108.3,139,96.8,25,67.7,166,+.028,113,+11.49,24,111.8,41,100.3,12,+0.06,197
71,Boston College,ACC,20-16,+11.44,113.9,55,102.4,101,67.0,217,-.017,233,+9.16,69,110.4,79,101.2,42,-0.74,214
72,SMU,Amer,20-13,+11.13,111.9,80,100.8,77,67.7,165,-.090,348,+3.47,106,108.6,102,105.2,133,+0.33,182
73,UNLV,MWC,21-13,+10.86,113.0,71,102.2,97,65.6,294,+.022,126,+8.02,81,110.7,70,102.7,85,+3.71,91
74,North Texas,Amer,19-15,+10.83,110.3,102,99.4,52,61.8,360,-.102,356,+5.86,89,109.8,87,103.9,94,+4.24,78
75,VCU,A10,24-14,+10.69,109.2,121,98.5,40,65.6,292,-.011,214,+5.27,94,108.7,101,103.4,89,+0.34,181
76,Memphis,Amer,22-10,+10.59,113.2,68,102.6,104,71.6,20,+.036,97,+5.00,98,109.2,96,104.2,105,+5.32,57
77,Penn St.,B10,16-17,+10.49,111.5,85,101.1,81,69.8,68,-.059,314,+9.52,59,111.1,60,101.6,59,-3.95,291
78,Minnesota,B10,19-15,+10.39,113.6,58,103.2,115,66.6,244,-.017,232,+8.35,80,110.9,66,102.5,81,-12.77,362
79,Florida St.,ACC,17-16,+10.29,110.9,90,100.6,75,71.1,33,+.013,153,+11.13,32,112.7,17,101.6,58,+2.89,106
80,Syracuse,ACC,20-12,+10.26,111.7,83,101.4,85,70.8,39,+.132,7,+11.20,29,112.4,30,101.2,37,+3.27,95
81,Samford 13,SC,29-6,+10.03,113.6,57,103.6,122,72.8,8,+.110,11,-2.14,224,104.5,259,106.7,196,-5.47,324
82,UC Irvine,BW,24-10,+9.97,109.5,110,99.6,56,68.6,119,-.049,299,-0.05,163,106.0,181,106.1,165,+5.68,52
83,Appalachian St.,SB,27-7,+9.88,108.4,134,98.6,41,67.1,213,+.019,139,-1.31,203,106.4,163,107.7,259,+0.21,188
84,Georgia,SEC,20-17,+9.82,109.4,112,99.6,58,69.0,96,+.034,103,+10.47,39,112.8,15,102.4,73,+0.42,178
85,USC,P12,15-18,+9.63,110.5,98,100.8,78,68.2,138,-.042,289,+10.88,36,111.6,45,100.7,21,+6.32,43
86,Mississippi,SEC,20-12,+9.36,113.9,54,104.5,141,66.9,223,+.095,16,+8.78,78,111.0,63,102.2,71,-1.54,244
87,South Florida,Amer,25-8,+9.26,111.0,89,101.7,91,68.2,139,+.049,67,+0.97,139,106.5,160,105.5,145,-4.18,298
88,Duquesne 11,A10,25-12,+9.19,107.2,158,98.0,31,66.2,264,+.079,24,+5.68,91,109.7,90,104.0,98,+1.51,145
89,Richmond,A10,23-10,+9.08,107.2,156,98.1,34,66.8,230,+.043,85,+3.37,108,107.8,113,104.4,112,-3.01,273
90,Yale 13,Ivy,23-10,+9.07,110.9,91,101.8,93,64.9,315,+.040,91,+3.07,110,108.7,100,105.6,151,+5.01,66
91,Indiana,B10,19-14,+8.74,109.8,105,101.1,84,68.5,122,+.138,6,+11.77,21,113.0,12,101.2,38,-0.89,223
92,Massachusetts,A10,20-11,+8.58,111.8,82,103.2,116,68.3,136,-.063,321,+0.59,146,106.3,170,105.7,155,-5.40,321
93,Loyola Chicago,A10,23-10,+8.38,105.5,192,97.1,28,68.7,110,+.056,54,+3.03,111,107.6,121,104.6,116,-3.50,285
94,Louisiana Tech,CUSA,22-10,+8.33,108.8,127,100.5,69,65.8,281,-.072,330,-0.24,172,104.7,250,104.9,127,+3.95,84
95,LSU,SEC,17-16,+8.26,110.5,99,102.2,99,69.9,61,-.019,243,+8.85,77,111.3,54,102.4,77,-1.46,240
96,Miami FL,ACC,15-17,+8.17,111.2,88,103.0,112,68.6,113,-.059,315,+9.83,52,111.2,57,101.4,45,-2.64,267
97,George Mason,A10,20-12,+8.09,109.5,108,101.5,88,63.8,344,-.033,269,+2.26,125,107.6,120,105.4,138,-3.27,280
98,UCLA,P12,16-17,+7.96,107.4,152,99.4,50,63.1,353,-.028,263,+9.05,72,110.5,75,101.5,51,+0.68,167
99,Saint Joseph's,A10,21-14,+7.69,110.6,94,102.9,108,68.5,125,-.044,291,+2.59,119,107.3,132,104.7,121,-6.28,338
100,Rutgers,B10,15-17,+7.56,99.4,298,91.8,5,67.9,154,-.000,185,+11.47,25,112.7,19,101.2,39,-3.00,271
101,Charleston 13,CAA,27-8,+7.52,113.9,53,106.4,179,70.3,51,+.047,71,-1.68,211,105.9,185,107.5,249,-0.38,206
102,St. Bonaventure,A10,20-13,+7.33,111.6,84,104.3,137,65.7,289,-.019,241,+2.42,123,106.6,155,104.2,102,-4.53,309
103,Cornell,Ivy,22-8,+7.19,113.4,60,106.2,176,71.5,23,+.024,123,+0.42,152,106.2,176,105.7,154,+0.14,192
104,Vermont 13,AE,28-7,+6.61,106.5,170,99.9,61,63.3,350,+.078,26,-2.20,226,104.7,254,106.9,211,+2.30,120
105,Stanford,P12,14-18,+6.57,110.5,97,103.9,128,69.7,71,-.052,301,+8.01,82,110.0,85,102.0,68,-1.88,253
106,UAB 12,Amer,23-12,+6.49,113.7,56,107.2,198,67.8,158,+.102,13,+4.78,100,108.9,97,104.2,103,+1.94,131
107,Seattle,WAC,23-14,+6.48,105.9,182,99.4,53,66.9,222,-.070,328,-0.69,186,104.7,253,105.4,141,-1.34,235
108,Arkansas,SEC,16-17,+5.87,110.0,103,104.1,133,70.8,38,+.046,72,+9.60,57,112.6,23,103.0,87,+2.08,124
109,Santa Clara,WCC,20-13,+5.70,109.8,107,104.1,134,69.2,85,+.013,152,+2.57,120,107.7,118,105.1,131,+3.88,87
110,Western Carolina,SC,22-10,+5.68,109.2,119,103.5,120,66.9,225,+.002,178,-0.72,187,106.2,174,106.9,214,-0.07,200
111,Northern Iowa,MVC,19-14,+5.52,109.2,122,103.6,125,66.8,233,+.036,98,+4.79,99,108.8,99,104.0,97,+6.12,46
112,UT Arlington,WAC,20-14,+5.38,109.5,109,104.2,136,71.1,34,+.018,141,+1.95,129,106.1,177,104.2,104,+9.23,17
113,Hofstra,CAA,20-13,+5.35,108.5,133,103.1,113,65.8,283,-.038,280,-0.32,178,107.6,123,107.9,270,+5.43,56
114,High Point,BSth,27-9,+5.33,115.8,36,110.5,260,68.8,109,-.043,290,-3.91,277,104.5,261,108.4,296,-4.51,308
115,Belmont,MVC,20-13,+5.31,109.4,113,104.0,130,71.3,29,+.056,55,+2.65,116,107.9,110,105.2,136,+1.36,150
116,Morehead St. 14,OVC,26-9,+5.15,109.1,123,104.0,129,64.3,337,+.043,81,-5.27,312,103.6,289,108.9,325,+7.73,25
117,Oklahoma St.,B12,12-20,+4.90,108.8,129,103.9,127,67.2,205,-.070,327,+9.14,70,110.4,80,101.2,41,-5.58,327
118,Notre Dame,ACC,13-20,+4.85,103.3,234,98.4,39,64.4,336,-.012,217,+9.78,54,111.4,52,101.6,60,-1.04,227
119,UNC Wilmington,CAA,21-10,+4.73,113.3,65,108.6,222,65.4,306,+.020,134,-0.48,180,106.3,168,106.8,206,+5.67,53
120,Charlotte,Amer,19-12,+4.65,108.7,131,104.1,131,62.5,356,+.046,73,+2.60,118,107.8,115,105.2,134,+2.60,116
121,California,P12,13-19,+4.64,109.0,126,104.4,139,68.6,116,-.003,193,+8.94,75,110.7,71,101.8,64,+0.57,172
122,Akron 14,MAC,24-11,+4.58,106.8,164,102.2,98,66.0,271,+.008,169,-1.43,206,105.7,192,107.2,220,+6.16,45
123,Georgia Tech,ACC,14-18,+4.45,109.4,111,105.0,148,67.6,168,+.072,32,+11.25,28,111.4,49,100.2,9,+4.66,73
124,Southern Illinois,MVC,19-13,+4.44,109.3,115,104.8,145,64.5,333,-.018,239,+0.57,147,106.6,153,106.0,164,-7.08,346
125,Davidson,A10,15-17,+4.28,105.7,189,101.4,86,65.7,286,-.080,339,+4.21,101,107.8,111,103.6,90,+0.94,162
126,Drexel,CAA,20-12,+4.17,108.3,141,104.1,135,64.6,332,-.035,271,-2.03,218,105.5,207,107.5,244,+0.36,180
127,Arizona St.,P12,14-18,+3.92,104.0,218,100.1,64,69.2,86,+.064,47,+10.51,38,111.6,44,101.1,36,+6.00,47
128,Michigan,B10,8-24,+3.90,110.6,95,106.7,182,67.5,180,-.083,342,+14.00,4,114.2,4,100.2,11,+7.59,27
129,Tarleton St.,WAC,25-10,+3.75,109.3,116,105.5,159,67.0,216,+.124,9,+0.10,158,104.6,256,104.5,113,+5.08,65
130,UC San Diego,BW,21-12,+3.74,111.8,81,108.1,213,65.6,298,-.026,258,-2.46,231,104.0,280,106.4,178,-0.76,216
131,Oakland 14,Horz,24-12,+3.73,109.3,114,105.6,161,66.5,248,+.077,28,-0.08,166,107.6,122,107.7,254,+9.87,14
132,Troy,SB,20-12,+3.65,107.2,157,103.5,119,69.8,67,-.052,303,-1.87,215,105.2,223,107.1,218,+0.83,165
133,Arkansas St.,SB,20-17,+3.40,113.4,61,110.0,251,68.1,147,-.022,249,+0.20,154,106.7,151,106.5,184,+2.25,121
134,Youngstown St.,Horz,22-10,+3.02,108.3,138,105.3,153,69.0,94,-.022,250,-4.17,284,105.2,220,109.4,345,+1.16,156
135,Western Kentucky 15,CUSA,22-12,+2.90,105.4,193,102.5,103,75.3,1,-.036,275,-2.07,220,104.0,279,106.1,166,-3.00,270
136,Tulane,Amer,14-17,+2.73,110.8,92,108.0,211,72.8,11,-.086,344,+3.40,107,108.0,107,104.6,117,-3.43,284
137,Liberty,CUSA,18-14,+2.73,109.2,120,106.5,180,64.7,329,-.052,304,+0.05,160,104.3,267,104.3,106,+3.12,98
138,South Dakota St. 15,Sum,22-13,+2.69,108.8,128,106.1,175,68.0,153,-.013,218,-2.05,219,105.7,196,107.7,260,+2.76,109
139,Toledo,MAC,20-12,+2.55,112.7,75,110.1,255,69.4,76,+.004,172,-1.59,208,105.2,218,106.8,207,+4.95,68
140,Chattanooga,SC,21-12,+2.52,110.4,101,107.9,208,67.1,214,+.027,116,-2.08,221,105.2,219,107.3,230,-4.36,304
141,Furman,SC,17-16,+2.37,109.9,104,107.6,205,68.9,104,-.068,326,+0.78,143,107.4,126,106.6,192,+2.08,125
142,Sam Houston St.,CUSA,21-12,+2.27,106.0,180,103.7,126,67.6,170,+.066,45,-0.20,171,104.2,269,104.4,111,+2.82,107
143,Ohio,MAC,20-13,+2.13,109.1,124,106.9,190,67.5,182,-.096,352,-4.58,294,103.8,286,108.4,297,-2.84,269
144,West Virginia,B12,9-23,+1.94,108.3,140,106.4,178,68.5,123,-.009,210,+11.87,19,111.7,43,99.8,6,+2.81,108
145,Missouri,SEC,8-24,+1.79,108.4,136,106.6,181,66.7,239,-.137,362,+9.94,48,112.5,27,102.5,80,-1.29,233
146,Towson,CAA,20-14,+1.77,103.5,228,101.7,90,62.3,358,+.012,155,-1.19,198,106.5,158,107.7,256,+1.53,143
147,UNC Greensboro,SC,21-11,+1.74,109.2,118,107.5,202,64.9,320,+.070,36,-0.73,188,106.1,180,106.8,204,-0.50,209
148,St. Thomas,Sum,20-13,+1.71,107.6,146,105.9,167,63.1,354,-.087,346,-5.02,301,104.6,257,109.6,353,-3.85,290
149,Missouri St.,MVC,17-16,+1.61,104.5,211,102.9,110,67.9,157,+.022,127,+2.36,124,107.3,133,104.9,126,-3.32,282
150,Colgate 14,Pat,25-10,+1.50,104.8,205,103.3,117,66.4,255,+.068,40,-6.51,333,102.3,318,108.8,320,+6.36,42
151,Louisiana,SB,19-14,+1.40,105.9,183,104.5,140,68.8,105,-.017,234,-0.76,190,106.4,164,107.2,221,+1.74,136
152,Eastern Washington,BSky,21-11,+1.35,112.0,77,110.7,262,70.6,45,+.072,34,-1.71,212,105.8,189,107.5,250,+8.94,20
153,UMass Lowell,AE,22-10,+1.31,106.2,173,104.9,146,70.2,53,-.004,196,-4.27,288,102.1,324,106.3,175,-3.13,276
154,Wichita St.,Amer,15-19,+1.12,104.7,209,103.6,121,68.1,145,-.037,279,+3.51,104,108.9,98,105.4,139,+1.48,146
155,Oregon St.,P12,13-19,+1.03,107.0,162,105.9,170,65.3,310,+.044,79,+9.30,66,110.7,72,101.4,46,+0.50,175
156,Weber St.,BSky,20-12,+0.92,108.6,132,107.7,207,65.7,287,-.014,224,-2.76,241,104.9,242,107.7,258,+4.00,82
157,Purdue Fort Wayne,Horz,23-13,+0.83,104.9,204,104.1,132,70.9,36,-.039,284,-5.31,313,104.4,264,109.7,355,-9.05,358
158,Wright St.,Horz,18-14,+0.80,116.1,33,115.3,348,71.6,22,-.058,313,-2.58,236,104.9,243,107.5,245,+4.09,81
159,Wyoming,MWC,15-17,+0.79,108.7,130,107.9,210,67.2,197,+.038,92,+6.42,88,110.2,82,103.8,93,+2.47,118
160,Murray St.,MVC,12-20,+0.52,107.4,150,106.9,188,64.5,335,-.113,360,+3.01,112,107.3,130,104.3,110,-0.21,204
161,Longwood 16,BSth,21-14,+0.35,105.5,191,105.2,151,66.9,228,-.005,199,-3.40,260,104.7,252,108.1,280,-6.80,342
162,Utah Valley,WAC,16-16,-0.10,100.2,283,100.3,66,67.7,163,+.000,182,+1.87,130,106.4,165,104.5,114,+7.07,33
163,Montana,BSky,24-12,-0.17,110.6,93,110.8,267,66.3,261,+.076,29,-3.65,272,104.9,244,108.5,304,+1.70,137
164,UNC Asheville,BSth,22-12,-0.21,107.4,151,107.6,206,68.2,137,+.083,23,-1.27,200,106.3,172,107.5,247,+3.33,94
165,Long Beach St. 15,BW,21-15,-0.25,107.3,154,107.5,203,71.5,24,+.053,59,-0.30,177,105.2,225,105.5,143,+1.29,151
166,Lipscomb,ASun,20-12,-0.39,112.0,78,112.4,308,69.1,90,+.010,158,-3.96,280,105.3,216,109.2,339,+2.21,122
167,Hawaii,BW,20-14,-0.59,104.8,208,105.3,154,66.2,265,-.008,204,-3.21,252,103.8,284,107.0,217,-5.31,318
168,Stony Brook,CAA,20-15,-0.63,106.3,172,106.9,191,67.6,173,+.054,58,-1.32,204,105.4,208,106.7,200,+1.10,157
169,Delaware,CAA,19-14,-0.63,105.0,202,105.6,164,67.5,178,-.014,222,-3.07,248,105.1,234,108.2,284,-0.75,215
170,Stephen F. Austin,WAC,18-15,-0.65,102.0,255,102.6,106,69.3,82,+.008,164,-0.26,175,105.1,230,105.4,142,-1.02,225
171,Kent St.,MAC,17-17,-0.81,106.1,175,107.0,193,66.6,245,-.083,343,-2.12,222,105.0,239,107.1,219,+3.45,92
172,Quinnipiac,MAAC,24-10,-0.85,105.2,199,106.0,173,71.4,27,+.060,50,-7.03,341,101.0,344,108.0,276,-7.27,351
173,Bryant,AE,20-13,-0.91,101.1,268,102.0,95,74.2,3,+.066,43,-1.60,210,104.2,275,105.8,158,+3.72,90
174,East Tennessee St.,SC,19-16,-0.97,103.4,229,104.4,138,67.1,209,+.028,114,-0.06,164,106.3,169,106.4,177,+0.97,161
175,Fairfield,MAAC,24-13,-0.98,108.4,135,109.4,243,68.6,121,+.033,106,-5.23,309,101.8,334,107.0,216,-2.59,265
176,Winthrop,BSth,17-15,-1.11,107.0,160,108.1,212,67.0,215,-.057,310,-1.90,216,105.9,184,107.8,265,+1.19,154
177,UC Davis,BW,20-13,-1.12,102.3,249,103.4,118,67.2,199,+.035,100,-2.64,238,105.0,241,107.6,252,-4.20,299
178,UTEP,CUSA,18-16,-1.15,98.4,307,99.5,55,69.8,63,-.009,209,-0.57,182,105.2,224,105.8,157,-0.78,217
179,Illinois St.,MVC,15-17,-1.86,102.7,243,104.6,142,63.8,343,+.021,130,+1.13,136,107.3,131,106.2,169,-4.00,293
180,Texas St.,SB,17-18,-1.93,100.7,275,102.6,105,66.5,250,+.037,94,+1.38,132,107.0,140,105.6,147,+7.12,32
181,Temple,Amer,16-20,-2.21,102.6,244,104.8,144,66.9,226,+.033,104,+2.26,126,108.2,105,106.0,163,-1.69,248
182,Texas A&M Corpus Chris,Slnd,21-12,-2.25,100.4,278,102.7,107,68.9,98,-.006,201,-7.55,348,101.7,336,109.3,341,+1.51,144
183,Vanderbilt,SEC,9-23,-2.26,105.2,198,107.4,200,65.7,285,+.023,124,+10.30,41,112.2,34,101.9,66,-1.41,238
184,Tulsa,Amer,16-15,-2.27,103.0,240,105.3,152,70.6,43,+.001,180,-1.13,197,105.9,187,107.0,215,-10.43,360
185,Louisville,ACC,8-24,-2.31,105.9,184,108.2,214,69.9,60,-.036,277,+9.33,64,111.4,50,102.1,69,-4.31,302
186,Northern Kentucky,Horz,18-15,-2.33,103.3,233,105.6,163,68.2,140,+.018,143,-2.23,227,106.1,178,108.3,290,+4.23,79
187,Loyola Marymount,WCC,12-19,-2.37,108.4,137,110.7,266,64.7,327,-.112,359,-0.08,165,106.5,161,106.6,188,-1.87,251
188,Fordham,A10,13-20,-2.41,101.2,266,103.6,123,68.8,108,-.027,260,+1.70,131,106.9,143,105.2,135,-5.96,335
189,East Carolina,Amer,15-18,-2.45,104.8,207,107.2,199,65.0,313,-.002,192,+1.08,137,107.0,139,105.9,162,-6.50,341
190,Cal Baptist,WAC,16-17,-2.47,103.2,236,105.7,165,63.7,346,-.045,293,-1.40,205,103.9,282,105.3,137,-6.14,337
191,Brown,Ivy,13-18,-2.47,104.3,216,106.7,183,67.3,196,-.010,212,+0.93,140,106.5,156,105.6,146,+0.09,194
192,Georgetown,BE,9-23,-2.50,110.6,96,113.1,321,66.7,237,-.021,248,+9.93,49,110.5,77,100.5,19,-7.21,349
193,Wofford,SC,17-15,-2.57,107.5,147,110.1,254,65.6,291,+.060,49,+1.16,134,107.3,134,106.1,167,+3.75,88
194,Little Rock,OVC,21-13,-2.62,106.7,165,109.3,240,68.9,100,-.014,225,-8.87,356,100.9,347,109.8,356,-6.29,339
195,La Salle,A10,16-17,-2.74,106.1,177,108.8,230,66.7,238,+.045,75,+1.15,135,106.8,148,105.6,148,-7.42,353
196,Illinois Chicago,MVC,12-21,-2.76,100.9,271,103.6,124,68.3,135,-.064,323,+2.55,121,107.4,125,104.8,124,-3.02,274
197,Cleveland St.,Horz,21-15,-2.78,106.1,178,108.9,231,67.5,174,+.033,105,-3.43,262,105.2,229,108.6,310,-1.07,228
198,Monmouth,CAA,18-15,-2.82,105.7,186,108.6,221,67.9,156,+.058,53,-1.59,209,105.8,191,107.4,234,+1.67,138
199,Saint Louis,A10,13-20,-2.83,111.5,86,114.4,342,69.5,75,+.061,48,+5.59,92,108.3,104,102.7,84,+3.08,100
200,Jacksonville St.,CUSA,14-18,-2.94,102.0,254,105.0,147,64.8,321,-.109,357,-1.95,217,104.3,266,106.3,172,-2.65,268
201,Saint Peter's 15,MAAC,19-14,-3.03,98.4,306,101.4,87,64.1,339,+.041,88,-3.95,279,102.8,306,106.8,202,+0.54,174
202,Northern Colorado,BSky,19-14,-3.25,107.6,145,110.8,271,70.0,58,+.011,157,-4.41,290,104.6,258,109.0,329,-2.54,264
203,George Washington,A10,15-17,-3.41,107.3,153,110.7,264,69.8,65,-.011,216,+0.18,155,105.6,205,105.4,140,-10.51,361
204,Gardner Webb,BSth,17-16,-3.59,102.3,248,105.9,169,69.5,74,+.078,25,+0.69,144,107.4,127,106.7,198,+7.03,34
205,UC Santa Barbara,BW,16-15,-3.63,106.2,174,109.8,245,67.4,191,-.014,221,-2.82,243,103.6,288,106.4,179,-4.59,310
206,Rhode Island,A10,12-20,-3.85,106.7,166,110.5,261,68.8,106,-.001,190,+3.49,105,107.8,114,104.3,109,+0.62,170
207,Abilene Christian,WAC,16-18,-3.86,101.8,259,105.6,162,68.6,114,+.050,65,+0.50,150,104.8,247,104.3,108,+0.49,177
208,Evansville,MVC,17-18,-3.92,102.1,252,106.1,174,68.6,118,+.071,35,+2.14,127,106.9,142,104.8,123,-6.06,336
209,Mercer,SC,16-17,-3.94,104.4,214,108.4,217,66.2,268,+.035,99,-0.68,185,106.5,157,107.2,223,-2.40,261
210,Lamar,Slnd,19-14,-3.97,104.3,215,108.3,216,68.3,134,-.030,266,-7.84,351,101.8,333,109.7,354,-3.27,281
211,Eastern Kentucky,ASun,17-14,-4.02,107.0,161,111.0,275,68.9,103,+.016,147,-4.03,281,105.9,186,109.9,358,+3.14,96
212,Merrimack,NEC,21-12,-4.03,96.8,325,100.9,79,67.4,188,+.018,144,-8.67,354,100.4,353,109.0,334,+3.91,86
213,Penn,Ivy,11-18,-4.08,109.3,117,113.3,324,65.5,303,-.071,329,+1.27,133,106.9,145,105.6,149,+2.36,119
214,UMKC,Sum,16-16,-4.10,101.3,265,105.3,156,66.7,242,-.029,265,-3.63,271,105.3,214,108.9,327,+0.07,196
215,Marist,MAAC,18-13,-4.15,97.0,322,101.1,83,64.8,323,+.001,181,-6.98,339,101.1,342,108.1,281,-7.76,356
216,Tennessee Martin,OVC,21-11,-4.20,106.6,168,110.8,268,73.0,7,+.066,44,-6.29,327,101.9,332,108.2,283,+3.03,104
217,UC Riverside,BW,16-18,-4.21,104.7,210,108.9,234,67.1,208,+.021,133,-0.57,183,105.2,228,105.7,156,+3.72,89
218,Georgia St.,SB,14-17,-4.31,105.7,187,110.0,253,68.0,149,-.019,240,-1.05,193,105.6,201,106.6,194,+0.23,187
219,Norfolk St.,MEAC,24-11,-4.41,104.3,217,108.7,224,66.3,258,+.087,21,-7.45,344,100.5,352,108.0,271,+2.15,123
220,Stetson 16,ASun,22-13,-4.51,109.8,106,114.3,341,66.5,252,+.145,3,-2.86,245,105.7,193,108.6,308,+4.58,75
221,South Alabama,SB,16-16,-4.55,104.4,213,109.0,237,68.3,132,+.043,80,-2.53,235,104.8,246,107.4,233,-5.26,316
222,Milwaukee,Horz,20-15,-4.60,108.0,143,112.6,313,70.2,52,+.067,41,-3.24,254,105.2,226,108.4,298,+1.23,152
223,Montana St. 16,BSky,17-18,-4.65,103.5,225,108.2,215,69.0,97,-.009,208,-3.58,266,105.1,231,108.7,319,+0.08,195
224,Pepperdine,WCC,13-20,-4.66,106.1,176,110.8,269,67.4,189,-.087,347,+0.57,148,106.8,146,106.2,171,+0.57,171
225,Rider,MAAC,15-17,-4.68,102.8,242,107.5,201,68.1,146,-.018,236,-2.48,232,103.4,295,105.8,160,+8.98,18
226,Iona,MAAC,16-17,-4.86,103.5,223,108.4,218,67.1,212,-.045,292,-5.11,304,102.7,310,107.9,268,-0.52,212
227,Radford,BSth,16-17,-4.94,107.4,149,112.4,309,63.6,348,+.018,142,-1.72,213,105.6,204,107.3,227,+0.14,193
228,Harvard,Ivy,14-13,-4.95,102.0,256,106.9,189,67.5,177,+.075,31,-0.53,181,107.0,141,107.5,243,-2.08,256
229,Rice,Amer,11-21,-5.09,106.6,169,111.7,294,65.9,274,-.059,316,+2.60,117,107.7,119,105.1,129,-0.51,211
230,Green Bay,Horz,18-14,-5.10,104.0,221,109.0,239,63.7,345,+.070,38,-3.05,246,105.3,213,108.4,295,+1.99,129
231,Maine,AE,15-17,-5.23,97.3,319,102.5,102,65.5,300,+.003,175,-2.74,239,104.2,272,106.9,213,-1.33,234
232,Columbia,Ivy,13-14,-5.39,106.7,167,112.1,300,68.6,115,-.036,276,-2.61,237,104.2,273,106.8,203,-7.48,355
233,Cal St. Northridge,BW,19-15,-5.41,100.1,285,105.5,160,72.7,13,+.051,63,-3.37,259,103.8,283,107.2,225,-7.46,354
234,Nicholls St.,Slnd,20-14,-5.43,104.5,212,109.9,248,66.3,260,+.101,14,-3.56,265,103.8,285,107.4,237,+9.64,15
235,Cal St. Fullerton,BW,14-18,-5.45,100.1,289,105.5,158,66.5,249,+.019,137,+0.09,159,105.7,194,105.6,150,+5.30,58
236,North Dakota,Sum,18-14,-5.48,105.4,194,110.9,272,66.8,236,+.025,120,-5.57,318,104.7,251,110.3,362,-5.85,333
237,Fresno St.,MWC,12-21,-5.53,103.5,226,109.0,238,65.6,290,+.002,177,+5.22,95,109.4,92,104.1,101,-4.05,295
238,Marshall,SB,13-20,-5.55,101.4,262,106.9,192,70.5,46,-.013,219,-0.24,173,106.6,154,106.8,208,+1.92,133
239,Bowling Green,MAC,20-14,-5.57,102.4,247,107.9,209,67.8,161,+.048,69,-5.56,317,103.0,300,108.6,305,-5.50,326
240,North Florida,ASun,16-16,-5.61,107.1,159,112.7,318,67.2,206,-.007,202,-3.61,269,105.9,183,109.5,351,+1.05,159
241,Florida Gulf Coast,ASun,14-18,-5.63,103.3,232,109.0,236,63.9,342,-.054,306,-2.49,234,106.8,147,109.3,340,+4.75,72
242,Southern Utah,WAC,10-21,-5.73,106.0,179,111.8,295,69.6,72,-.076,334,+0.89,141,104.9,245,104.0,96,+2.06,126
243,Southern Miss,SB,16-16,-5.77,101.3,263,107.1,195,68.1,143,+.055,56,-0.88,191,105.6,200,106.5,183,+1.18,155
244,Albany,AE,13-19,-5.82,105.3,196,111.1,280,73.1,6,-.079,337,-3.32,258,102.9,303,106.2,170,-3.25,279
245,Austin Peay,ASun,19-16,-5.92,108.2,142,114.1,336,64.8,326,+.052,60,-3.32,257,105.6,197,109.0,328,+4.29,77
246,New Hampshire,AE,16-15,-5.95,100.0,290,106.0,172,71.5,25,+.077,27,-2.48,233,104.1,277,106.6,190,+0.24,185
247,Cal St. Bakersfield,BW,13-19,-6.05,101.1,267,107.2,196,64.9,319,-.035,272,-1.31,202,105.5,206,106.8,205,+0.40,179
248,San Jose St.,MWC,9-23,-6.18,105.8,185,112.0,298,65.8,278,-.038,282,+5.08,97,109.4,93,104.3,107,-4.10,296
249,Mount St. Mary's,MAAC,13-19,-6.25,102.5,246,108.7,228,69.2,89,-.118,361,-6.42,330,101.3,341,107.7,261,-5.44,323
250,Northeastern,CAA,12-20,-6.29,105.3,195,111.6,292,65.8,279,-.018,237,-1.28,201,105.6,199,106.9,210,+1.05,158
251,Portland St.,BSky,17-15,-6.32,99.6,295,105.9,171,69.4,77,+.033,107,-3.50,264,105.3,212,108.8,322,-0.81,220
252,North Alabama,ASun,15-17,-6.41,105.7,188,112.1,301,67.9,155,+.009,163,-3.28,255,105.8,190,109.1,335,+1.97,130
253,North Carolina Central,MEAC,18-13,-6.62,105.0,203,111.6,291,66.7,240,-.004,197,-8.18,352,100.0,356,108.2,285,+0.27,184
254,UTSA,Amer,11-21,-6.73,107.0,163,113.7,332,70.6,44,-.001,186,-0.01,162,105.8,188,105.9,161,-7.12,347
255,The Citadel,SC,11-21,-6.92,103.1,238,110.0,252,65.6,299,-.111,358,-0.15,169,106.5,162,106.6,193,-0.34,205
256,San Diego,WCC,18-15,-6.98,100.6,277,107.6,204,71.2,32,+.147,2,-0.25,174,107.2,137,107.4,238,-4.26,301
257,Miami OH,MAC,15-17,-6.98,99.8,294,106.7,184,67.5,184,-.016,229,-3.20,251,104.1,278,107.3,229,+0.78,166
258,Idaho St.,BSky,14-20,-7.07,103.4,230,110.5,259,64.1,340,-.054,305,-3.78,273,105.1,232,108.9,326,-1.14,230
259,Grambling St. 16,SWAC,21-15,-7.09,100.1,287,107.2,197,64.8,324,+.139,5,-4.42,291,101.9,331,106.3,173,+15.00,4
260,Nebraska Omaha,Sum,15-18,-7.17,103.9,222,111.1,278,67.4,187,-.056,309,-4.17,283,105.4,209,109.6,352,-1.88,252
261,Southern,SWAC,18-14,-7.33,97.2,320,104.6,143,67.5,175,+.068,39,-5.52,316,101.8,335,107.3,228,+14.75,5
262,Central Connecticut,NEC,20-11,-7.41,101.0,270,108.4,219,67.0,219,+.049,68,-10.13,362,99.4,362,109.5,349,-1.48,243
263,Lehigh,Pat,14-18,-7.43,99.5,297,106.9,187,70.1,54,-.073,332,-6.16,325,101.6,337,107.8,264,+7.42,28
264,Air Force,MWC,9-22,-7.43,105.9,181,113.4,327,61.9,359,-.046,294,+2.83,114,108.0,108,105.1,132,-9.84,359
265,Kennesaw St.,ASun,15-16,-7.57,105.3,197,112.9,319,74.1,4,+.019,136,-4.23,286,105.7,195,109.9,359,-0.49,208
266,Ball St.,MAC,15-16,-7.85,103.0,241,110.8,270,67.0,220,-.025,256,-6.34,328,102.7,311,109.0,333,-5.61,328
267,Texas Southern,SWAC,16-17,-7.85,98.9,303,106.7,185,68.1,144,+.019,138,-6.45,332,101.9,329,108.4,292,+11.69,8
268,Denver,Sum,17-17,-7.96,107.8,144,115.8,351,70.5,47,+.018,140,-3.60,267,105.2,221,108.8,321,-1.61,246
269,Queens,ASun,14-19,-7.98,104.0,219,112.0,297,72.8,10,+.037,93,-1.57,207,107.1,138,108.6,313,+5.26,59
270,Western Illinois,OVC,21-12,-8.03,97.9,314,105.9,168,64.8,325,+.121,10,-7.26,343,102.1,321,109.4,346,+1.41,148
271,Presbyterian,BSth,14-19,-8.04,103.1,237,111.2,282,67.5,185,-.031,267,-4.29,289,104.3,265,108.6,311,-7.22,350
272,Niagara,MAAC,16-16,-8.15,103.3,235,111.4,286,67.4,190,+.021,132,-6.28,326,101.1,343,107.3,232,-3.99,292
273,Jacksonville,ASun,16-17,-8.28,101.1,269,109.3,242,65.6,293,+.043,83,-3.86,276,106.3,167,110.2,361,+0.17,190
274,UMBC,AE,11-21,-8.34,105.0,201,113.4,325,73.2,5,-.079,336,-4.85,299,101.9,330,106.8,201,-7.12,348
275,Howard 16,MEAC,18-17,-8.38,105.6,190,113.9,334,67.8,159,+.011,156,-7.02,340,100.6,349,107.6,253,-0.13,202
276,Bucknell,Pat,14-19,-8.46,100.2,282,108.7,225,64.9,318,-.023,252,-5.98,323,102.0,326,108.0,275,+1.92,132
277,Central Michigan,MAC,18-14,-8.46,96.6,328,105.0,149,65.1,312,+.148,1,-3.62,270,104.2,271,107.8,267,+3.06,102
278,Canisius,MAAC,14-18,-8.54,100.1,284,108.7,226,66.9,224,+.026,118,-3.10,249,103.8,287,106.9,212,+5.19,63
279,North Dakota St.,Sum,15-17,-8.54,104.0,220,112.5,311,65.7,284,+.076,30,-1.73,214,106.9,144,108.6,312,+2.72,113
280,Georgia Southern,SB,9-24,-8.63,104.8,206,113.4,329,69.0,93,-.048,297,-1.08,196,105.4,211,106.4,180,-0.88,222
281,Utah Tech,WAC,11-20,-8.81,99.9,293,108.7,227,70.4,48,+.042,87,+0.67,145,105.3,215,104.6,118,+0.50,176
282,Middle Tennessee,CUSA,14-19,-8.82,98.1,311,106.9,186,65.6,297,+.072,33,+0.41,153,105.2,222,104.8,122,+0.31,183
283,Oral Roberts,Sum,12-19,-8.86,103.4,231,112.2,304,67.7,162,-.000,183,-1.04,192,106.7,152,107.7,263,+6.91,37
284,Binghamton,AE,15-15,-8.98,102.5,245,111.5,289,66.3,257,+.070,37,-3.78,274,102.8,308,106.5,187,-4.03,294
285,FIU,CUSA,11-22,-9.10,101.6,260,110.7,263,70.3,50,-.010,211,-1.27,199,104.2,268,105.5,144,-3.01,272
286,SIU Edwardsville,OVC,17-16,-9.69,101.3,264,111.0,273,67.2,200,+.015,149,-6.87,337,102.0,327,108.8,323,+0.90,164
287,Old Dominion,SB,7-25,-9.89,99.0,302,108.9,233,70.1,55,-.086,345,-0.18,170,106.3,171,106.5,181,+1.58,141
288,USC Upstate,BSth,10-20,-9.95,100.0,291,110.0,250,67.2,203,+.020,135,-0.73,189,106.7,149,107.5,241,+2.72,111
289,Delaware St.,MEAC,15-19,-9.98,95.8,335,105.8,166,68.9,101,-.010,213,-6.61,335,102.0,328,108.6,309,-0.79,218
290,New Mexico St.,CUSA,13-19,-9.98,99.4,299,109.3,241,66.3,263,+.065,46,+2.53,122,106.2,175,103.6,91,+6.67,39
291,Tennessee St.,OVC,18-15,-10.00,98.9,304,108.9,232,68.5,127,+.036,96,-6.95,338,102.2,319,109.2,337,+1.20,153
292,Wagner 16,NEC,17-16,-10.00,96.4,330,106.4,177,61.6,361,+.043,82,-7.47,346,100.8,348,108.3,287,-1.22,232
293,Sacred Heart,NEC,16-16,-10.09,102.1,253,112.2,303,69.3,79,-.028,262,-9.83,360,99.6,360,109.5,348,-4.24,300
294,Alcorn St.,SWAC,14-18,-10.15,106.5,171,116.6,354,66.5,247,+.054,57,-3.48,263,103.0,299,106.5,186,+15.12,3
295,Chicago St.,ind,13-19,-10.15,100.3,281,110.4,258,64.6,331,+.050,66,-1.08,195,105.4,210,106.5,182,-1.34,237
296,American,Pat,16-16,-10.40,103.5,224,113.9,335,62.9,355,-.006,200,-9.60,359,99.8,358,109.4,347,-5.01,314
297,Boston University,Pat,16-17,-10.47,98.3,309,108.7,229,65.9,275,+.008,168,-8.43,353,99.8,359,108.2,286,-2.43,262
298,Louisiana Monroe,SB,11-19,-10.64,100.1,288,110.7,265,67.3,194,+.027,115,-0.61,184,105.0,237,105.7,152,+1.58,142
299,Portland,WCC,12-21,-10.66,103.5,227,114.1,337,67.6,172,+.052,61,+2.14,128,107.8,112,105.7,153,+0.05,198
300,Valparaiso,MVC,7-25,-10.73,100.3,280,111.0,276,68.0,152,-.016,230,+2.66,115,107.3,128,104.7,120,-4.50,307
301,South Carolina St.,MEAC,14-18,-10.79,99.1,300,109.9,249,68.7,111,+.033,108,-4.71,297,102.8,309,107.5,240,+3.97,83
302,Le Moyne,NEC,15-17,-10.94,100.1,286,111.1,277,67.4,192,-.055,307,-8.72,355,99.9,357,108.6,314,-0.97,224
303,Bethune Cookman,SWAC,17-17,-10.98,97.9,313,108.9,235,69.9,62,+.060,51,-7.77,349,100.3,355,108.0,277,+0.23,186
304,DePaul,BE,3-29,-11.06,101.6,261,112.6,315,67.6,167,-.022,251,+13.04,10,113.2,10,100.2,10,+1.61,140
305,Western Michigan,MAC,12-20,-11.42,100.0,292,111.4,287,68.6,117,+.022,129,-3.30,256,103.9,281,107.2,226,+0.99,160
306,Southeastern Louisiana,Slnd,15-17,-11.52,98.7,305,110.3,256,64.9,316,+.041,90,-5.23,310,103.1,298,108.3,289,+6.82,38
307,Robert Morris,Horz,10-22,-11.55,101.8,258,113.4,328,67.1,211,-.097,353,-2.79,242,105.6,202,108.4,293,-0.79,219
308,Northern Illinois,MAC,11-20,-11.61,102.2,251,113.8,333,68.1,142,+.041,89,-0.15,168,106.5,159,106.6,195,+7.34,29
309,Jackson St.,SWAC,15-17,-11.66,100.6,276,112.3,306,68.5,124,+.095,15,-6.07,324,102.4,317,108.5,302,+7.30,30
310,Alabama St.,SWAC,13-19,-12.29,93.1,352,105.3,155,67.2,198,-.009,205,-5.62,319,102.0,325,107.7,255,+11.92,6
311,Campbell,CAA,14-18,-12.32,100.7,274,113.0,320,66.7,241,+.030,111,-5.11,303,104.2,274,109.3,342,-6.85,344
312,Northern Arizona,BSky,14-19,-12.41,99.1,301,111.5,290,68.3,131,+.095,17,-2.83,244,105.2,227,108.0,273,+0.19,189
313,Coastal Carolina,SB,9-22,-12.80,99.5,296,112.3,305,69.6,73,+.003,174,-2.43,230,105.1,233,107.5,248,-5.33,319
314,Sacramento St.,BSky,10-24,-13.00,98.2,310,111.2,281,64.0,341,-.004,195,-2.15,225,106.0,182,108.1,282,+2.62,114
315,Charleston Southern,BSth,10-20,-13.03,95.5,337,108.5,220,67.0,221,+.044,78,+0.48,151,107.3,129,106.8,209,+6.55,41
316,Bellarmine,ASun,8-23,-13.11,100.3,279,113.4,330,64.9,317,-.058,312,-0.26,176,108.2,106,108.4,299,+8.48,22
317,Elon,CAA,13-19,-13.31,101.8,257,115.1,346,67.5,176,+.050,64,-4.60,295,104.8,248,109.4,344,-2.32,259
318,Lafayette,Pat,11-21,-13.48,93.6,347,107.1,194,65.4,307,-.028,264,-5.76,320,102.7,313,108.4,300,+3.05,103
319,William & Mary,CAA,10-23,-13.56,100.7,273,114.3,340,65.9,273,-.062,320,-4.65,296,104.2,270,108.9,324,-5.78,331
320,Eastern Illinois,OVC,14-18,-13.78,96.1,332,109.9,246,66.8,234,+.008,165,-6.44,331,101.6,338,108.0,274,+3.92,85
321,Idaho,BSky,11-21,-13.99,98.3,308,112.3,307,65.0,314,-.019,242,-3.95,278,104.8,249,108.7,318,-2.31,257
322,South Dakota,Sum,12-20,-14.01,103.1,239,117.1,356,68.8,107,+.010,159,-4.49,292,104.5,260,109.0,330,-4.49,306
323,Navy,Pat,13-18,-14.30,96.8,326,111.1,279,65.6,296,-.020,245,-9.90,361,99.6,361,109.5,350,-5.76,330
324,Alabama A&M,SWAC,12-23,-14.36,94.2,346,108.6,223,70.6,42,+.028,112,-5.91,321,102.6,315,108.5,301,+4.77,71
325,Northwestern St.,Slnd,9-23,-14.89,97.7,316,112.5,312,67.5,179,-.093,350,-5.47,315,103.1,297,108.6,306,+2.72,110
326,Eastern Michigan,MAC,13-18,-15.12,96.9,323,112.1,299,65.4,308,+.090,19,-5.21,307,103.5,290,108.7,317,-3.65,288
327,Fairleigh Dickinson,NEC,15-17,-15.31,98.0,312,113.3,323,72.2,15,+.086,22,-9.09,357,100.3,354,109.4,343,-4.66,311
328,Southern Indiana,OVC,8-24,-15.87,96.0,334,111.9,296,69.1,91,-.082,341,-5.26,311,102.8,305,108.1,279,+5.66,54
329,UT Rio Grande Valley,WAC,6-25,-16.03,95.6,336,111.6,293,71.3,28,-.001,188,+1.01,138,105.6,203,104.6,115,+0.14,191
330,Prairie View A&M,SWAC,10-21,-16.52,94.7,341,111.2,283,70.8,40,+.013,154,-5.00,300,102.8,307,107.8,266,+8.61,21
331,Arkansas Pine Bluff,SWAC,13-18,-16.69,102.2,250,118.9,360,71.9,18,+.044,77,-7.53,347,101.0,345,108.5,303,+10.56,10
332,Tennessee Tech,OVC,10-21,-16.76,96.3,331,113.1,322,65.7,288,-.039,283,-5.13,306,103.2,296,108.3,288,+2.62,115
333,Texas A&M Commerce,Slnd,13-20,-16.76,94.7,342,111.5,288,66.3,262,+.067,42,-4.22,285,104.4,262,108.7,315,+10.00,13
334,Morgan St.,MEAC,11-20,-16.80,97.4,318,114.2,338,70.9,37,+.009,162,-5.22,308,102.9,304,108.1,278,+3.06,101
335,NJIT,AE,7-21,-17.03,97.5,317,114.5,343,66.3,259,+.026,119,-2.75,240,103.4,293,106.1,168,-2.32,258
336,Dartmouth,Ivy,6-21,-17.06,93.2,351,110.3,257,65.2,311,+.004,173,+0.80,142,107.5,124,106.7,199,-0.86,221
337,Manhattan,MAAC,7-23,-17.47,95.2,340,112.6,316,68.1,141,-.016,228,-3.60,268,102.7,312,106.3,174,+3.08,99
338,Florida A&M,SWAC,6-23,-17.66,93.3,349,111.0,274,68.4,130,-.040,285,-3.23,253,103.4,294,106.6,191,+18.88,1
339,Cal Poly,BW,4-28,-17.84,94.5,343,112.4,310,65.9,272,-.009,206,-1.06,194,105.6,198,106.7,197,-1.55,245
340,Central Arkansas,ASun,9-23,-17.97,97.2,321,115.2,347,69.3,81,+.022,128,-4.82,298,105.1,235,109.9,360,-3.68,289
341,Hampton,CAA,9-24,-18.04,94.5,344,112.6,314,69.8,69,-.000,184,-4.09,282,105.0,240,109.1,336,-3.53,286
342,New Orleans,Slnd,10-23,-18.33,97.8,315,116.2,352,71.6,21,-.034,270,-4.24,287,103.5,292,107.7,257,+7.28,31
343,LIU,NEC,7-22,-18.87,93.3,350,112.2,302,70.4,49,-.001,189,-5.93,322,101.5,340,107.4,236,+1.82,134
344,Army,Pat,10-22,-19.00,90.9,357,109.9,247,63.1,352,-.052,302,-9.30,358,100.5,351,109.8,357,-5.48,325
345,Incarnate Word,Slnd,8-23,-19.04,96.5,329,115.5,350,70.0,56,-.009,207,-6.84,336,102.2,320,109.0,332,-3.16,278
346,North Carolina A&T,CAA,7-25,-19.43,96.0,333,115.4,349,67.8,160,+.045,74,-2.33,229,105.0,238,107.4,235,+1.37,149
347,Maryland Eastern Shore,MEAC,9-20,-19.69,89.8,359,109.5,244,67.2,202,+.003,176,-4.57,293,102.9,301,107.5,242,+5.26,60
348,Buffalo,MAC,4-27,-19.70,95.4,338,115.1,345,69.2,83,-.017,231,-2.32,228,105.1,236,107.4,239,+0.90,163
349,Holy Cross,Pat,10-23,-19.72,100.7,272,120.4,362,65.9,276,+.017,145,-7.78,350,100.6,350,108.4,291,-3.54,287
350,Loyola MD,Pat,7-25,-20.27,93.3,348,113.6,331,65.8,280,-.008,203,-6.52,334,102.1,323,108.6,307,+0.56,173
351,Detroit Mercy,Horz,1-31,-20.52,96.9,324,117.5,357,66.9,227,-.068,324,-0.36,179,107.2,136,107.6,251,+5.91,49
352,Southeast Missouri St.,OVC,9-22,-21.33,91.3,356,112.7,317,69.2,87,+.016,146,-5.39,314,102.5,316,107.9,269,+2.97,105
353,VMI,SC,4-28,-22.07,89.2,360,111.2,284,74.7,2,-.060,319,+0.04,161,107.2,135,107.2,222,-3.14,277
354,Saint Francis,NEC,8-22,-22.26,94.4,345,116.7,355,65.5,305,+.021,131,-7.46,345,100.9,346,108.4,294,-0.45,207
355,Houston Christian,Slnd,6-23,-22.42,96.6,327,119.0,361,71.5,26,-.005,198,-3.11,250,104.6,255,107.7,262,+11.70,7
356,Lindenwood,OVC,9-22,-22.52,91.7,355,114.2,339,67.2,204,+.024,122,-7.21,342,101.5,339,108.7,316,-1.84,249
357,Siena,MAAC,4-28,-22.83,90.5,358,113.4,326,66.1,270,-.011,215,-3.83,275,103.5,291,107.3,231,-0.56,213
358,Pacific,WCC,6-26,-22.84,95.3,339,118.1,359,68.4,129,-.014,223,-0.13,167,106.2,173,106.4,176,-5.22,315
359,Stonehill,NEC,4-27,-22.93,91.9,354,114.8,344,67.7,164,-.078,335,-5.10,302,102.1,322,107.2,224,+4.10,80
360,IUPUI,Horz,6-26,-25.61,92.3,353,117.9,358,67.5,183,-.019,244,-3.06,247,106.1,179,109.2,338,-4.33,303
361,Coppin St.,MEAC,2-27,-25.73,85.7,361,111.4,285,66.2,266,-.057,311,-5.12,305,102.9,302,108.0,272,+0.66,169
362,Mississippi Valley St.,SWAC,1-30,-30.83,85.5,362,116.3,353,64.7,328,-.060,317,-2.12,223,104.4,263,106.5,185,+15.26,2
